<?xml version="1.0"?>
<ruleset name="DrupalPractice">
 <description>Drupal best practice checks</description>
 <rule ref="DrupalPractice.CodeAnalysis.VariableAnalysis">
  <properties>
   <property name="allowUnusedFunctionParameters" value="1" />
   <property name="allowUnusedCaughtExceptions" value="1" />
  </properties>
 </rule>
 <rule ref="DrupalPractice.CodeAnalysis.VariableAnalysis.UndefinedVariable">
  <!-- Do not run this sniff on template files. -->
  <exclude-pattern>*.tpl.php</exclude-pattern>
 </rule>
</ruleset>
